epoch,bur_vol_loss,loss,spin_loss,val_bur_vol_loss,val_loss,val_spin_loss
0,1.2702171802520752,0.1259215623140335,0.0624103881418705,1.1139869689941406,0.09858889877796173,0.0428895503282547
1,0.9043941497802734,0.08371982723474503,0.038500141352415085,0.8220301866531372,0.07736635953187943,0.03626486286520958
2,0.8307122588157654,0.07555309683084488,0.03401748090982437,1.2009615898132324,0.09301399439573288,0.03296590968966484
3,0.7901614904403687,0.07109074294567108,0.03158257529139519,0.7701090574264526,0.06970883160829544,0.031203368678689003
4,0.7637155652046204,0.06802056729793549,0.02983478643000126,0.7902043461799622,0.07192616909742355,0.03241594880819321
5,0.7481088638305664,0.06602732837200165,0.02862178348004818,0.7606745958328247,0.06651393324136734,0.028480207547545433
6,0.7189410924911499,0.06357961893081665,0.02763260342180729,0.7257479429244995,0.0640920028090477,0.027804607525467873
7,0.7000957131385803,0.06171360984444618,0.02670883946120739,0.7423380613327026,0.06475821882486343,0.02764132246375084
8,0.6919992566108704,0.06059056892991066,0.025990594178438187,0.7239499688148499,0.06364021450281143,0.027442723512649536
9,0.6790401935577393,0.05934678018093109,0.025394823402166367,0.6628510355949402,0.06013929843902588,0.026996750384569168
10,0.6650598645210266,0.05815860629081726,0.02490556612610817,0.6913511753082275,0.059941310435533524,0.025373753160238266
11,0.6603546738624573,0.057370126247406006,0.024352284148335457,0.7002137899398804,0.06133298948407173,0.026322299614548683
12,0.6547945737838745,0.05666831135749817,0.023928526788949966,0.6810991764068604,0.06004403159022331,0.025989079847931862
13,0.6454747319221497,0.05576207488775253,0.02348831668496132,0.6966990232467651,0.06085927039384842,0.026024311780929565
14,0.6328534483909607,0.054817620664834976,0.02317505143582821,0.6612356305122375,0.05821654200553894,0.025154748931527138
15,0.625156581401825,0.05408482998609543,0.02282697707414627,0.6568639874458313,0.05797393247485161,0.025130730122327805
16,0.6201626062393188,0.05355764552950859,0.022549523040652275,0.6687899231910706,0.058029402047395706,0.024589907377958298
17,0.6180671453475952,0.05312120169401169,0.022217843681573868,0.6482771039009094,0.05673183873295784,0.02431798167526722
18,0.6129970550537109,0.05258044973015785,0.02193058840930462,0.670021653175354,0.057830505073070526,0.024329420179128647
19,0.607791543006897,0.052079614251852036,0.02169003337621689,0.7284864783287048,0.05981454253196716,0.023390209302306175
20,0.6081860661506653,0.05186385661363602,0.02145462855696678,0.6359743475914001,0.05557694286108017,0.023778220638632774
21,0.5972139239311218,0.05107691138982773,0.021216245368123055,0.623622477054596,0.054398298263549805,0.02321716398000717
22,0.5961131453514099,0.05081531032919884,0.021009644493460655,0.6209657192230225,0.054493438452482224,0.02344515547156334
23,0.5904278755187988,0.050320591777563095,0.02079918049275875,0.6168583631515503,0.05451322719454765,0.023670298978686333
24,0.5834441781044006,0.04977701976895332,0.020604832097887993,0.618800938129425,0.05443397909402847,0.02349393256008625
25,0.5833356976509094,0.049595799297094345,0.02042899839580059,0.610244870185852,0.0541193000972271,0.023607060313224792
26,0.5763335824012756,0.04902485013008118,0.020208220928907394,0.5951841473579407,0.05218818783760071,0.022428978234529495
27,0.5765781402587891,0.048900309950113297,0.020071381703019142,0.6188796758651733,0.05391810089349747,0.02297411486506462
28,0.5684098601341248,0.04833716154098511,0.019916707649827003,0.6098982691764832,0.053585927933454514,0.02309100702404976
29,0.5701453685760498,0.04825379326939583,0.01974654383957386,0.5788395404815674,0.0514901764690876,0.02254820242524147
30,0.5690488219261169,0.04806934669613838,0.019616931676864624,0.6262732744216919,0.05359799787402153,0.022284332662820816
31,0.5627985000610352,0.0475584976375103,0.019418489187955856,0.5778287053108215,0.052486322820186615,0.023594889789819717
32,0.560339629650116,0.04735089838504791,0.019333921372890472,0.8613122701644897,0.06549858301877975,0.022432971745729446
33,0.5577837824821472,0.04712272062897682,0.01923358254134655,0.6076856851577759,0.0531960055232048,0.022811714559793472
34,0.5543856024742126,0.046744368970394135,0.019025104120373726,0.5859276056289673,0.05185497924685478,0.022558609023690224
35,0.5535907745361328,0.04660635069012642,0.018926767632365227,0.6023439764976501,0.05285920575261116,0.022742001339793205
36,0.5517123341560364,0.046419598162174225,0.0188339501619339,0.5814997553825378,0.05211837962269783,0.023043375462293625
37,0.5517793297767639,0.046317439526319504,0.018728461116552353,0.5875362157821655,0.05088946223258972,0.021512657403945923
38,0.5478671789169312,0.04597366973757744,0.0185803584754467,0.5756089687347412,0.051008354872465134,0.02222791500389576
39,0.5462780594825745,0.04577435180544853,0.018460487946867943,0.5774791836738586,0.05103722959756851,0.022163264453411102
40,0.5467875003814697,0.04572330042719841,0.018383940681815147,0.6096089482307434,0.052807264029979706,0.022326819598674774
41,0.5422754287719727,0.04540356621146202,0.018289780244231224,0.5922936201095581,0.05230047553777695,0.022685786709189415
42,0.5430493950843811,0.04526139795780182,0.018108874559402466,0.5642105937004089,0.0505596399307251,0.022349108010530472
43,0.539465069770813,0.04500266909599304,0.018029306083917618,0.5918267369270325,0.0520419180393219,0.022450584918260574
44,0.5416613221168518,0.04504439979791641,0.01796134002506733,0.5746726393699646,0.050322867929935455,0.02158922329545021
45,0.5363512635231018,0.04471592232584953,0.01789844036102295,0.570655882358551,0.050144046545028687,0.021611252799630165
46,0.5322319865226746,0.044383738189935684,0.01777217723429203,0.617481529712677,0.05236007645726204,0.02148599363863468
47,0.5341208577156067,0.044353827834129333,0.017647717148065567,0.5864204168319702,0.050920046865940094,0.021599022671580315
48,0.5317318439483643,0.04422847554087639,0.017641868442296982,0.5855410695075989,0.05134997516870499,0.022072922438383102
49,0.5287512540817261,0.043890587985515594,0.017453165724873543,0.5669301748275757,0.05054339021444321,0.022196881473064423
50,0.5274304747581482,0.04388827458024025,0.0175167229026556,0.7012296319007874,0.0571952685713768,0.02213379368185997
51,0.5262391567230225,0.04368068277835846,0.017368746921420097,0.5639463663101196,0.04958989843726158,0.02139258198440075
52,0.5269714593887329,0.043610829859972,0.017262274399399757,0.5912169218063354,0.050911467522382736,0.021350618451833725
53,0.5262318253517151,0.04351183399558067,0.017200324684381485,0.5678107738494873,0.051240481436252594,0.02284993603825569
54,0.5250822305679321,0.0433913953602314,0.017137274146080017,0.5695521831512451,0.05038738250732422,0.021909771487116814
55,0.5186273455619812,0.04300567880272865,0.017074326053261757,0.5654564499855042,0.04974769055843353,0.021474862471222878
56,0.5265617370605469,0.043334245681762695,0.017006129026412964,0.5822526216506958,0.05158234387636185,0.02246970310807228
57,0.5198686718940735,0.042890068143606186,0.016896529123187065,0.5644282102584839,0.050056446343660355,0.02183504030108452
58,0.5162158012390137,0.04266868904232979,0.01685793697834015,0.5787909030914307,0.050629787147045135,0.0216902457177639
59,0.5214858651161194,0.042838506400585175,0.01676422357559204,0.5698648691177368,0.050402361899614334,0.021909113973379135
60,0.5183566808700562,0.0425952672958374,0.01667747087776661,0.5528386831283569,0.04957430064678192,0.02193237468600273
61,0.5171659588813782,0.04249369725584984,0.016635406762361526,0.5843311548233032,0.05095479637384415,0.021738234907388687
62,0.5170935392379761,0.042462434619665146,0.01660783588886261,0.553959846496582,0.04918915033340454,0.0214911550283432
63,0.5137985944747925,0.04221052676439285,0.016520656645298004,0.566143810749054,0.05066628009080887,0.0223590899258852
64,0.5122298002243042,0.042095400393009186,0.01648397371172905,0.5484281778335571,0.0498310849070549,0.022409679368138313
65,0.5106689929962158,0.04187525063753128,0.016341805458068848,0.573860228061676,0.051062144339084625,0.022369129583239555
66,0.5098941922187805,0.04185841977596283,0.01636372320353985,0.567338764667511,0.050580430775880814,0.022213492542505264
67,0.51011061668396,0.04176601767539978,0.01626044139266014,0.5788221955299377,0.0507737398147583,0.021832631900906563
68,0.5120685696601868,0.04179306700825691,0.016189659014344215,0.5558391809463501,0.04953865706920624,0.021746689453721046
69,0.5071752071380615,0.04155243560671806,0.016193674877285957,0.5587092041969299,0.04951847717165947,0.021583009511232376
70,0.5086418390274048,0.041535720229148865,0.016103625297546387,0.5313681960105896,0.04856448620557785,0.021996069699525833
71,0.5057479739189148,0.04138246923685074,0.016094960272312164,0.5511144995689392,0.049294549971818924,0.021738823503255844
72,0.5065025091171265,0.04131128266453743,0.01598615199327469,0.5799163579940796,0.05068902298808098,0.021693209186196327
73,0.5061219334602356,0.04125332459807396,0.015947237610816956,0.5730656385421753,0.05110085755586624,0.02244757115840912
74,0.5054486989974976,0.04114258289337158,0.015870150178670883,0.5532408952713013,0.0497245267033577,0.022062484174966812
75,0.5006744861602783,0.0409126840531826,0.015878990292549133,0.5480314493179321,0.048677604645490646,0.02127602882683277
76,0.5047037601470947,0.04103284329175949,0.01579764299094677,0.5466188192367554,0.049844782799482346,0.02251383662223816
77,0.498798131942749,0.04068839177489281,0.015748562291264534,0.5575807690620422,0.050049178302288055,0.022170137614011765
78,0.49951276183128357,0.04067495837807655,0.015699319541454315,0.5301395654678345,0.04851679876446724,0.02200981229543686
79,0.5017223358154297,0.04075507074594498,0.01566898450255394,0.5482296347618103,0.05028381198644638,0.022872332483530045
80,0.4998997151851654,0.040614109486341476,0.015619195997714996,0.5357881188392639,0.04814714938402176,0.02135774865746498
81,0.4981573224067688,0.04048740863800049,0.015579601749777794,0.5496909022331238,0.048849307000637054,0.021364759653806686
82,0.4969196319580078,0.04038022458553314,0.015534209087491035,0.5415154695510864,0.048767928034067154,0.021692151203751564
83,0.5000168085098267,0.04050789400935173,0.015507040545344353,0.5464729070663452,0.049214839935302734,0.02189120091497898
84,0.495563268661499,0.040195345878601074,0.015417180955410004,0.5547768473625183,0.049024373292922974,0.02128552831709385
85,0.49522918462753296,0.04017740115523338,0.015415936708450317,0.5445245504379272,0.04936394840478897,0.022137731313705444
86,0.49764758348464966,0.04021976888179779,0.015337403863668442,0.600999653339386,0.05174122005701065,0.02169123664498329
87,0.495303750038147,0.04007146880030632,0.01530623808503151,0.5272108912467957,0.04727555066347122,0.02091500535607338
88,0.4958683252334595,0.04009106382727623,0.015297750942409039,0.5319217443466187,0.04818206652998924,0.021585987880825996
89,0.49316921830177307,0.03992852196097374,0.015270072035491467,0.5324686765670776,0.04866960272192955,0.02204616367816925
90,0.4926200211048126,0.03982292488217354,0.01519189402461052,0.5598649382591248,0.05001456290483475,0.02202131412923336
91,0.4932447671890259,0.03975383937358856,0.015091598965227604,0.5625723004341125,0.04974030703306198,0.021611690521240234
92,0.4938598871231079,0.03982095420360565,0.015127945691347122,0.5631966590881348,0.05027899146080017,0.02211916074156761
93,0.4909558594226837,0.0396309494972229,0.015083106234669685,0.5320929288864136,0.04900147393345833,0.02239682339131832
94,0.492264986038208,0.039600275456905365,0.014986978843808174,0.539280354976654,0.04937548562884331,0.022411469370126724
95,0.4905933439731598,0.03949856385588646,0.014968850649893284,0.5464058518409729,0.04868846386671066,0.02136816829442978
96,0.48663216829299927,0.03924238681793213,0.014910831116139889,0.5714993476867676,0.05067470669746399,0.02209973707795143
97,0.4901442527770996,0.039401825517416,0.014894620515406132,0.5654729604721069,0.049537017941474915,0.0212633665651083
98,0.48791781067848206,0.039301153272390366,0.014905353076756,0.5585061311721802,0.050179701298475266,0.02225439064204693
99,0.4897562265396118,0.03928498923778534,0.014797152951359749,0.5504175424575806,0.04930906370282173,0.021788183599710464
100,0.4893224835395813,0.0392799973487854,0.014813813380897045,0.5505738258361816,0.04957662895321846,0.022047940641641617
101,0.4871392548084259,0.03916211053729057,0.014805180951952934,0.5214764475822449,0.04759843274950981,0.021524609997868538
102,0.48708486557006836,0.03911181166768074,0.014757556840777397,0.527772068977356,0.0484146848320961,0.022026075050234795
103,0.48766398429870605,0.03909929469227791,0.014716057106852531,0.5314342975616455,0.04799171909689903,0.021420005708932877
104,0.48595139384269714,0.038954101502895355,0.014656522311270237,0.5288965106010437,0.04810976982116699,0.02166493982076645
105,0.48400139808654785,0.0388515442609787,0.014651499688625336,0.5526478290557861,0.048127271234989166,0.02049487829208374
106,0.4819069504737854,0.038698602467775345,0.014603272080421448,0.5714113712310791,0.05026458948850632,0.021694017574191093
107,0.4880312383174896,0.038970306515693665,0.014568769372999668,0.5500667095184326,0.04864051938056946,0.021137189120054245
108,0.48165878653526306,0.03865494579076767,0.014571985229849815,0.5366744995117188,0.048590488731861115,0.021756775677204132
109,0.48381584882736206,0.03870958089828491,0.014518769457936287,0.5482257604598999,0.04851095378398895,0.021099669858813286
110,0.4799864888191223,0.03848176449537277,0.014482363127171993,0.5397149324417114,0.04877582564949989,0.021790074184536934
111,0.4846940040588379,0.038634512573480606,0.014399806968867779,0.5322860479354858,0.047943297773599625,0.0213289987295866
112,0.4841369092464447,0.03862243890762329,0.014415595680475235,0.536823570728302,0.0495721735060215,0.022730998694896698
113,0.481112539768219,0.038446858525276184,0.014391218312084675,0.5237082839012146,0.04836519807577133,0.02217978611588478
114,0.48164814710617065,0.03842458501458168,0.014342253096401691,0.5484110116958618,0.048674456775188446,0.021253904327750206
115,0.48191747069358826,0.038483988493680954,0.01438806764781475,0.5272912979125977,0.04761534184217453,0.021250784397125244
116,0.479404479265213,0.03826688230037689,0.014296743087470531,0.5406795740127563,0.048835448920726776,0.021801475435495377
117,0.47974932193756104,0.03824610635638237,0.01425869483500719,0.5373282432556152,0.04953211918473244,0.022665705531835556
118,0.47949540615081787,0.03819740563631058,0.014222604222595692,0.5656119585037231,0.049673352390527725,0.02139274962246418
119,0.4789808690547943,0.038203682750463486,0.014254641719162464,0.5392303466796875,0.04853561148047447,0.021574093028903008
120,0.47626158595085144,0.03794633969664574,0.014133241958916187,0.5354171991348267,0.0482620932161808,0.02149123325943947
121,0.4760993719100952,0.03800375014543533,0.014198772609233856,0.549878716468811,0.048470720648765564,0.02097679302096367
122,0.47746503353118896,0.03801874443888664,0.014145479537546635,0.5340827703475952,0.04826554283499718,0.021561399102211
123,0.4753374755382538,0.03792300075292587,0.014156154356896877,0.536431610584259,0.04792909324169159,0.021107520908117294
124,0.4765787720680237,0.037917304784059525,0.014088400639593601,0.5320899486541748,0.04808022826910019,0.02147573046386242
125,0.47746574878692627,0.037892185151576996,0.014018970541656017,0.5265712141990662,0.047654591500759125,0.021326031535863876
126,0.4759354889392853,0.03780724108219147,0.01401051040738821,0.5280751585960388,0.048275209963321686,0.02187146246433258
127,0.47663605213165283,0.03788178786635399,0.014050024561583996,0.5221201777458191,0.04820779711008072,0.022101791575551033
128,0.4743006229400635,0.037729039788246155,0.01401393860578537,0.5296615362167358,0.048502735793590546,0.022019660100340843
129,0.47389093041419983,0.03768601641058922,0.01399149838835001,0.6334517598152161,0.053903818130493164,0.022231215611100197
130,0.47545450925827026,0.037656769156455994,0.0138841038569808,0.5602778792381287,0.04972275346517563,0.021708868443965912
131,0.4721634089946747,0.03749629110097885,0.013888074085116386,0.5315006971359253,0.048330750316381454,0.02175571210682392
132,0.4734545052051544,0.03758349269628525,0.013910789974033833,0.545922040939331,0.048549678176641464,0.021253574639558792
133,0.4740315079689026,0.037526823580265045,0.013825242407619953,0.5236913561820984,0.04861661046743393,0.02243204414844513
134,0.47450533509254456,0.03754096105694771,0.01381572987884283,0.5357943177223206,0.04865093529224396,0.02186121605336666
135,0.47344309091567993,0.03752538561820984,0.013853291980922222,0.5289291143417358,0.04919047653675079,0.022744018584489822
136,0.472703754901886,0.03741836175322533,0.01378314383327961,0.5305706262588501,0.048440031707286835,0.021911513060331345
137,0.4708253741264343,0.0372876413166523,0.013746325857937336,0.5513817071914673,0.04935910552740097,0.021790023893117905
138,0.4736867845058441,0.03736335411667824,0.013678978197276592,0.5261290073394775,0.048266731202602386,0.021960271522402763
139,0.46969273686408997,0.037187300622463226,0.013702702708542347,0.5381100177764893,0.04916048422455788,0.02225498855113983
140,0.46881935000419617,0.037137020379304886,0.013696104288101196,0.5336918830871582,0.04793516919016838,0.021250572055578232
141,0.4707395136356354,0.03720403462648392,0.013666980899870396,0.5226970911026001,0.048572245985269547,0.022437386214733124
142,0.47148436307907104,0.037263765931129456,0.013689574785530567,0.5307292342185974,0.04763388633728027,0.021097425371408463
143,0.4701883792877197,0.037152115255594254,0.013642743229866028,0.5401176810264587,0.0493449792265892,0.022339098155498505
144,0.4718068242073059,0.037209123373031616,0.01361873559653759,0.5422228574752808,0.049079470336437225,0.02196832373738289
145,0.47170260548591614,0.037123315036296844,0.013538139872252941,0.5401208400726318,0.04843449965119362,0.02142844721674919
146,0.4699050486087799,0.03709465265274048,0.013599385507404804,0.5347937345504761,0.04999278485774994,0.023253099992871284
147,0.4698407053947449,0.036993835121393204,0.013501858338713646,0.5419256091117859,0.04905151575803757,0.02195523865520954
148,0.46773916482925415,0.03689059242606163,0.013503681868314743,0.5327025651931763,0.04934621974825859,0.022711100056767464
149,0.46790555119514465,0.03690047562122345,0.013505179435014725,0.5424481630325317,0.04915419965982437,0.022031791508197784
150,0.4704391658306122,0.037044547498226166,0.013522597029805183,0.5198816061019897,0.04731476306915283,0.021320682018995285
151,0.4701239764690399,0.03698576241731644,0.013479569926857948,0.5079957246780396,0.0468936450779438,0.021493863314390182
152,0.4648120701313019,0.03667104244232178,0.0134304603561759,0.5248705148696899,0.04825040325522423,0.022006874904036522
153,0.4705568850040436,0.03696427494287491,0.013436386361718178,0.5282655954360962,0.048643890768289566,0.022230610251426697
154,0.4666782319545746,0.03678927198052406,0.013455364853143692,0.5092428922653198,0.04728678613901138,0.021824633702635765
155,0.467040479183197,0.03674131631851196,0.01338929869234562,0.5320122241973877,0.049831703305244446,0.023231100291013718
156,0.46526485681533813,0.036657366901636124,0.013394090346992016,0.5318190455436707,0.047680847346782684,0.02108989655971527
157,0.4643573462963104,0.036602944135665894,0.013385024853050709,0.5337179899215698,0.04776735231280327,0.021081456914544106
158,0.46477943658828735,0.03655627369880676,0.01331735122948885,0.5493549108505249,0.049001604318618774,0.02153385616838932
159,0.463803231716156,0.036478977650403976,0.01328884344547987,0.5312877893447876,0.048644233494997025,0.022079838439822197
160,0.4657183885574341,0.03659610450267792,0.013310215435922146,0.5175102949142456,0.04751652479171753,0.02164100669324398
161,0.4654023051261902,0.0365469828248024,0.013276870362460613,0.5162674188613892,0.04674024134874344,0.02092687599360943
162,0.46262025833129883,0.03639532998204231,0.013264304026961327,0.5363543629646301,0.048238132148981094,0.021420419216156006
163,0.46417883038520813,0.03645120561122894,0.013242226094007492,0.5207456350326538,0.04811330884695053,0.022076021879911423
164,0.46401447057724,0.0363902747631073,0.013189618475735188,0.5134833455085754,0.04915203899145126,0.023477882146835327
165,0.4643090069293976,0.036405403167009354,0.013189922086894512,0.5261894464492798,0.04871637746691704,0.022406909614801407
166,0.46280771493911743,0.03627784177660942,0.013137412257492542,0.5223445296287537,0.047477442771196365,0.02136022038757801
167,0.4629005491733551,0.03635256737470627,0.01320749893784523,0.517684817314148,0.048093002289533615,0.022208761423826218
168,0.4647161066532135,0.03644365444779396,0.013207867741584778,0.5171323418617249,0.048360876739025116,0.022504260763525963
169,0.4627743065357208,0.03629269450902939,0.013154054060578346,0.5161576271057129,0.048498425632715225,0.02269054390490055
170,0.46294116973876953,0.036246247589588165,0.0130991879850626,0.5526324510574341,0.05023737624287605,0.02260575070977211
171,0.46576690673828125,0.03641325980424881,0.013124880380928516,0.552245557308197,0.04902238771319389,0.021410102024674416
172,0.46177345514297485,0.036219336092472076,0.0131306741386652,0.5364524126052856,0.049513764679431915,0.022691134363412857
173,0.4634936451911926,0.03622736781835556,0.013052688911557198,0.5349499583244324,0.05005032941699028,0.023302827030420303
174,0.46244651079177856,0.036140259355306625,0.013017932884395123,0.5271803736686707,0.04807277023792267,0.021713750436902046
175,0.46374502778053284,0.03617331013083458,0.012986031360924244,0.5530409812927246,0.049077898263931274,0.021425846964120865
176,0.45990756154060364,0.0359739288687706,0.012978612445294857,0.5246386528015137,0.04757635295391083,0.021344423294067383
177,0.4584762156009674,0.035995002835989,0.013071204535663128,0.5253233909606934,0.047995612025260925,0.021729443222284317
178,0.46398136019706726,0.03621217980980873,0.013013062067329884,0.5262637138366699,0.04830774664878845,0.021994557231664658
179,0.45941993594169617,0.03598053753376007,0.013009542599320412,0.5218911170959473,0.046945154666900635,0.02085059881210327
180,0.461382120847702,0.03600144013762474,0.012932374142110348,0.5211648344993591,0.04787592217326164,0.021817686036229134
181,0.45939940214157104,0.03592114895582199,0.012951132841408253,0.5269792079925537,0.047840435057878494,0.021491462364792824
182,0.46051210165023804,0.03594463691115379,0.012918991036713123,0.5354267954826355,0.04901154339313507,0.02224019542336464
183,0.4574812352657318,0.03578553721308708,0.012911452911794186,0.5254055857658386,0.04728294909000397,0.021012678742408752
184,0.45672309398651123,0.03579128533601761,0.01295513566583395,0.5265502333641052,0.048542268574237823,0.022214755415916443
185,0.4592731297016144,0.03581556677818298,0.012851884588599205,0.5160518288612366,0.04799362272024155,0.02219102904200554
186,0.4587697684764862,0.03579714149236679,0.012858663685619831,0.5090007185935974,0.04770394414663315,0.02225390635430813
187,0.45765653252601624,0.03575461730360985,0.012871884740889072,0.5142458081245422,0.04749533534049988,0.021783048287034035
188,0.4585811197757721,0.03573959693312645,0.01281058881431818,0.5061696767807007,0.04758324474096298,0.022274751216173172
189,0.46034130454063416,0.03581692650914192,0.012799875810742378,0.5380752682685852,0.049329597502946854,0.022425828501582146
190,0.45680150389671326,0.03568076342344284,0.012840710580348969,0.5091310739517212,0.04711083322763443,0.02165428176522255
191,0.4567793309688568,0.0356503464281559,0.012811402790248394,0.5184760093688965,0.0479435995221138,0.02201978862285614
192,0.4593822956085205,0.03580889478325844,0.012839744798839092,0.5139698386192322,0.04731026291847229,0.02161177061498165
193,0.45874127745628357,0.03566475212574005,0.012727648951113224,0.5149635076522827,0.047887712717056274,0.02213953621685505
194,0.45721137523651123,0.035675421357154846,0.012814875692129135,0.5040587186813354,0.04742135852575302,0.022218432277441025
195,0.4554162323474884,0.03556748852133751,0.012796679511666298,0.5132242441177368,0.045862678438425064,0.020201465114951134
196,0.45779114961624146,0.03562575951218605,0.012736200354993343,0.5177667737007141,0.047806594520807266,0.02191825769841671
197,0.4582480192184448,0.035640642046928406,0.012728240340948105,0.5223971605300903,0.04940027743577957,0.023280421271920204
198,0.45651739835739136,0.03552232310175896,0.012696526013314724,0.5302157998085022,0.04938260465860367,0.02287180721759796
199,0.45594125986099243,0.0355367437005043,0.012739698402583599,0.5022053718566895,0.04748034477233887,0.022370068356394768
200,0.45629265904426575,0.035509999841451645,0.012695370241999626,0.5172960758209229,0.04769132286310196,0.021826522424817085
201,0.4551539421081543,0.03545621410012245,0.01269844826310873,0.5267329216003418,0.048398613929748535,0.022061964496970177
202,0.4567386209964752,0.035532377660274506,0.01269545592367649,0.5327644944190979,0.04801788181066513,0.021379657089710236
203,0.4533748924732208,0.03534497320652008,0.012676198035478592,0.5281711220741272,0.04724257439374924,0.020834019407629967
204,0.4561132490634918,0.035464659333229065,0.012659015133976936,0.5328537225723267,0.04839504882693291,0.02175237238407135
205,0.45377638936042786,0.0352751687169075,0.012586330994963646,0.5140537619590759,0.04675663262605667,0.021053949370980263
206,0.45229166746139526,0.03520675748586655,0.012592170387506485,0.5073118209838867,0.04709786921739578,0.021732276305556297
207,0.455301433801651,0.035396166145801544,0.012631110846996307,0.5319278240203857,0.0481426939368248,0.02154630236327648
208,0.45684945583343506,0.035402562469244,0.012560039758682251,0.5364933609962463,0.04852600023150444,0.021701326593756676
209,0.453555703163147,0.03523808717727661,0.012560281902551651,0.5240052342414856,0.04892030358314514,0.022720033302903175
210,0.45325690507888794,0.03521311655640602,0.01255029533058405,0.5069957375526428,0.048807282000780106,0.023457493633031845
211,0.45272889733314514,0.03520321846008301,0.012566756457090378,0.5135148167610168,0.048301927745342255,0.022626185789704323
212,0.4557053744792938,0.0353243462741375,0.012539063580334187,0.506818950176239,0.04628949612379074,0.02094855345785618
213,0.4510616362094879,0.03509647026658058,0.012543375603854656,0.5151042342185974,0.04909656196832657,0.023341353982686996
214,0.45418962836265564,0.035262081772089005,0.012552639469504356,0.5115086436271667,0.047398947179317474,0.021823512390255928
215,0.4501389265060425,0.03497830033302307,0.012471401132643223,0.5268076658248901,0.047230400145053864,0.020890017971396446
216,0.4534546136856079,0.03517014533281326,0.0124973738566041,0.5252338647842407,0.04804014414548874,0.021778453141450882
217,0.45298922061920166,0.035091057419776917,0.01244162768125534,0.5381413102149963,0.04990048334002495,0.022993415594100952
218,0.4518629312515259,0.03503337502479553,0.012440213933587074,0.5189407467842102,0.0486680343747139,0.022721001878380775
219,0.453328013420105,0.03512953594326973,0.012463134713470936,0.5107367038726807,0.04748540371656418,0.021948568522930145
220,0.45178332924842834,0.035021550953388214,0.012432371266186237,0.5264922976493835,0.04840672388672829,0.022082116454839706
221,0.4509998559951782,0.03497796878218651,0.012427971698343754,0.5168691873550415,0.04768451303243637,0.021841056644916534
222,0.45117831230163574,0.03500373661518097,0.012444808147847652,0.5371564626693726,0.04885251820087433,0.02199469320476055
223,0.4539085328578949,0.035128284245729446,0.012432893738150597,0.5157552361488342,0.04810265451669693,0.022314894944429398
224,0.4510059356689453,0.03487633168697357,0.012325991876423359,0.5106860995292664,0.04799380153417587,0.022459497675299644
225,0.44984200596809387,0.03489072993397713,0.012398590333759785,0.566565752029419,0.050567932426929474,0.022239644080400467
226,0.45006847381591797,0.034883007407188416,0.012379593215882778,0.5278372764587402,0.04893312603235245,0.022541260346770287
227,0.4504047632217407,0.034894343465566635,0.012374118901789188,0.5086496472358704,0.047667745500802994,0.022235265001654625
228,0.45246651768684387,0.03501410409808159,0.012390781193971634,0.4990990161895752,0.04740983247756958,0.022454887628555298
229,0.44969823956489563,0.03481150418519974,0.012326573021709919,0.5333524942398071,0.047711826860904694,0.021044185385107994
230,0.45065176486968994,0.0348612405359745,0.012328648008406162,0.5313255190849304,0.047901004552841187,0.021334730088710785
231,0.44888821244239807,0.034684401005506516,0.012240071780979633,0.5120929479598999,0.04725602641701698,0.021651368588209152
232,0.45159900188446045,0.0349695049226284,0.012389494106173515,0.5483647584915161,0.05013560131192207,0.022717371582984924
233,0.4499213695526123,0.03474271297454834,0.012246576137840748,0.5113826990127563,0.047187626361846924,0.021618487313389778
234,0.4511057734489441,0.03486097976565361,0.012305676937103271,0.5195293426513672,0.04705408588051796,0.021077627316117287
235,0.4524906277656555,0.034930068999528885,0.01230549719184637,0.5018624067306519,0.04676135629415512,0.02166823484003544
236,0.4483509063720703,0.0346609391272068,0.012243376113474369,0.5148754715919495,0.04792903736233711,0.022185254842042923
237,0.44948363304138184,0.03476519510149956,0.01229095458984375,0.5074467062950134,0.04751376807689667,0.02214142307639122
238,0.4484979808330536,0.03466815501451492,0.01224325131624937,0.5111753344535828,0.04701913148164749,0.02146037481725216
239,0.4476998746395111,0.0345882773399353,0.012203293852508068,0.5195614099502563,0.04733739048242569,0.021359318867325783
240,0.4503284692764282,0.03472915291786194,0.012212797999382019,0.5133980512619019,0.04824061319231987,0.022570719942450523
241,0.44904056191444397,0.03473593667149544,0.012283895164728165,0.5151582360267639,0.04817039147019386,0.022412484511733055
242,0.4474150240421295,0.034564390778541565,0.012193642556667328,0.522849440574646,0.04807768017053604,0.021935204043984413
243,0.4498089849948883,0.034688424319028854,0.012197984382510185,0.5061410665512085,0.047549497336149216,0.022242452949285507
244,0.4471988379955292,0.03457965701818466,0.012219663709402084,0.524056613445282,0.04798594489693642,0.021783115342259407
245,0.44716864824295044,0.03456231951713562,0.01220395602285862,0.5157357454299927,0.04677966982126236,0.020992878824472427
246,0.4477718472480774,0.03456929326057434,0.012180671095848083,0.5396271347999573,0.05040121078491211,0.023419858887791634
247,0.4461713433265686,0.03446650877594948,0.01215794961899519,0.49674779176712036,0.047823380678892136,0.022985992953181267
248,0.4455077350139618,0.0344543382525444,0.012178879231214523,0.5134629011154175,0.04806796833872795,0.02239481918513775
249,0.4500059187412262,0.03467154502868652,0.012171206064522266,0.5322266817092896,0.048024825751781464,0.021413486450910568
250,0.4469456374645233,0.03450944274663925,0.012162169441580772,0.512829601764679,0.046707239001989365,0.021065758541226387
251,0.44619220495224,0.034450825303792953,0.012141156010329723,0.5003238916397095,0.046420060098171234,0.02140386402606964
252,0.44737231731414795,0.03445323556661606,0.012084636837244034,0.5076872110366821,0.04731075093150139,0.021926386281847954
253,0.4488481283187866,0.03455175459384918,0.012109302915632725,0.49644142389297485,0.046072639524936676,0.021250562742352486
254,0.4451334476470947,0.034344661980867386,0.012087959796190262,0.5191549062728882,0.048249341547489166,0.022291602566838264
255,0.4466129541397095,0.03443698212504387,0.01210637204349041,0.4913009703159332,0.04681132361292839,0.02224627695977688
256,0.447613388299942,0.03451286628842354,0.012132239528000355,0.5129997134208679,0.04671581834554672,0.021065833047032356
257,0.4442387819290161,0.034241676330566406,0.012029753066599369,0.5109745264053345,0.04652111977338791,0.02097240649163723
258,0.4467083513736725,0.03439297527074814,0.012057521380484104,0.5148163437843323,0.04754329100251198,0.021802466362714767
259,0.4446503520011902,0.03432193398475647,0.012089435942471027,0.5091667771339417,0.04756889119744301,0.022110555320978165
260,0.4467542767524719,0.034357305616140366,0.012019588612020016,0.5102869868278503,0.04690837860107422,0.02139403112232685
261,0.44506391882896423,0.03422635793685913,0.01197312492877245,0.5194776058197021,0.047847263514995575,0.021873382851481438
262,0.44643232226371765,0.03441017493605614,0.012088547460734844,0.5066179037094116,0.047238048166036606,0.021907150745391846
263,0.44923165440559387,0.034457918256521225,0.011996261775493622,0.5004467964172363,0.04676595330238342,0.021743614226579666
264,0.4456881880760193,0.034291114658117294,0.012006695382297039,0.5138615369796753,0.047297172248363495,0.02160409465432167
265,0.4450666308403015,0.03430813178420067,0.012054790742695332,0.504696786403656,0.04772843047976494,0.02249358966946602
266,0.4409349858760834,0.03398312255740166,0.01193635817617178,0.4882025718688965,0.04568606987595558,0.02127593383193016
267,0.44341859221458435,0.03420316055417061,0.012032238766551018,0.5101927518844604,0.04758979752659798,0.022080162540078163
268,0.4446711540222168,0.034240689128637314,0.0120070930570364,0.4871674180030823,0.04579584673047066,0.02143748290836811
269,0.4428884983062744,0.034114524722099304,0.0119700338691473,0.5103274583816528,0.04787597805261612,0.022359604015946388
270,0.4452851116657257,0.03420952335000038,0.011945201084017754,0.5091755986213684,0.04770513251423836,0.022246360778808594
271,0.4431840777397156,0.03409121558070183,0.011932021006941795,0.5063962340354919,0.047323282808065414,0.022003458812832832
272,0.4438573122024536,0.034171827137470245,0.011978927999734879,0.51686692237854,0.04770486801862717,0.021861519664525986
273,0.4423634707927704,0.03402702882885933,0.011908860877156258,0.5169106721878052,0.047813206911087036,0.021967673674225807
274,0.44179975986480713,0.033988434821367264,0.011898418888449669,0.5111738443374634,0.04727649316191673,0.02171780727803707
275,0.4440702497959137,0.034200627356767654,0.011997122317552567,0.5168971419334412,0.04874007776379585,0.022895226255059242
276,0.4443693161010742,0.0340905599296093,0.011872111819684505,0.5260067582130432,0.04881583899259567,0.022515499964356422
277,0.44106176495552063,0.033966921269893646,0.011913862079381943,0.5205705761909485,0.04773808643221855,0.02170955389738083
278,0.4446486234664917,0.03413766622543335,0.01190521102398634,0.516923725605011,0.04794406145811081,0.02209787629544735
279,0.4444900155067444,0.03409094735980034,0.01186646893620491,0.5123730301856995,0.047216422855854034,0.02159777842462063
280,0.4431615471839905,0.03409712761640549,0.011939041316509247,0.5027000308036804,0.04665164276957512,0.021516647189855576
281,0.44101810455322266,0.03391916677355766,0.011868205852806568,0.5024741888046265,0.04633181542158127,0.02120809629559517
282,0.44203224778175354,0.03391276299953461,0.011811099015176296,0.4962843954563141,0.046627990901470184,0.021813783794641495
283,0.44210371375083923,0.03396664932370186,0.011861476115882397,0.5108855962753296,0.047758378088474274,0.022214099764823914
284,0.44233185052871704,0.033994510769844055,0.011877878569066525,0.5080171823501587,0.048072926700115204,0.022672081366181374
285,0.4403107762336731,0.03382983058691025,0.011814280413091183,0.5060840845108032,0.047429781407117844,0.022125577554106712
286,0.4436136484146118,0.03400624915957451,0.011825594119727612,0.5217472314834595,0.04762886464595795,0.021541493013501167
287,0.4421360492706299,0.03396538272500038,0.011858594603836536,0.5172460079193115,0.048705022782087326,0.02284272573888302
288,0.4424966275691986,0.03393242135643959,0.011807621456682682,0.5179022550582886,0.04761945456266403,0.021724337711930275
289,0.444257527589798,0.03400817885994911,0.011795291677117348,0.504887044429779,0.0473942868411541,0.022149929776787758
290,0.4413370192050934,0.03386055305600166,0.011793727055191994,0.49081557989120483,0.04655492678284645,0.022014155983924866
291,0.4432844817638397,0.03397252410650253,0.011808288283646107,0.5157530307769775,0.04707736521959305,0.02128971554338932
292,0.4409753680229187,0.033883702009916306,0.011834949254989624,0.5201781988143921,0.048345137387514114,0.02233622409403324
293,0.4403057396411896,0.03382084146142006,0.011805578134953976,0.5241132974624634,0.048104118555784225,0.021898461505770683
294,0.44056710600852966,0.03381575644016266,0.011787338182330132,0.5374327301979065,0.049218304455280304,0.022346671670675278
295,0.43967700004577637,0.033702295273542404,0.011718460358679295,0.49798622727394104,0.04734061285853386,0.022441303357481956
296,0.44130995869636536,0.03380804508924484,0.011742557398974895,0.5136597752571106,0.04813827946782112,0.022455286234617233
297,0.44081562757492065,0.03378117084503174,0.011740375310182571,0.523879885673523,0.048270925879478455,0.022076940163969994
298,0.4422917366027832,0.03387172147631645,0.01175712700933218,0.4947158396244049,0.04637075215578079,0.021634962409734726
299,0.4408746659755707,0.033807046711444855,0.011763290502130985,0.5292685031890869,0.049044497311115265,0.0225810669362545
300,0.4398459494113922,0.03374717757105827,0.011754871346056461,0.5263550877571106,0.04883185029029846,0.022514088079333305
301,0.44075313210487366,0.03376920148730278,0.011731522157788277,0.5037782192230225,0.04622579738497734,0.02103688009083271
302,0.4393205940723419,0.033693380653858185,0.011727399192750454,0.5148416757583618,0.048129063099622726,0.022386986762285233
303,0.4374402165412903,0.03360826522111893,0.011736255139112473,0.5260205268859863,0.049341123551130295,0.023040100932121277
304,0.4391911029815674,0.03367707505822182,0.011717515997588634,0.5216600894927979,0.047718893736600876,0.02163589559495449
305,0.44123712182044983,0.033761460334062576,0.011699561029672623,0.5051591396331787,0.04600350186228752,0.020745547488331795
306,0.44035089015960693,0.03371581807732582,0.011698216199874878,0.4975546896457672,0.04646499454975128,0.02158726379275322
307,0.43901821970939636,0.0337032712996006,0.011752402409911156,0.4895879626274109,0.046522751450538635,0.022043349221348763
308,0.4395003914833069,0.03365977853536606,0.011684765107929707,0.5084354877471924,0.047623902559280396,0.022202132269740105
309,0.4382424056529999,0.03359194099903107,0.011679772287607193,0.4927181303501129,0.047186367213726044,0.022550461813807487
310,0.43912985920906067,0.03363564610481262,0.01167919673025608,0.5010391473770142,0.04671457037329674,0.021662602201104164
311,0.4391602873802185,0.03367311879992485,0.011715133674442768,0.4983575940132141,0.046787478029727936,0.021869603544473648
312,0.44041746854782104,0.03366627171635628,0.011645374819636345,0.5330761671066284,0.048284973949193954,0.02163117378950119
313,0.44257184863090515,0.03379353880882263,0.011665008030831814,0.5235240459442139,0.04854380339384079,0.022367611527442932
314,0.43525609374046326,0.03340291231870651,0.011640175245702267,0.5046423673629761,0.04653485491871834,0.021302731707692146
315,0.43899670243263245,0.033622242510318756,0.011672311462461948,0.4972754418849945,0.0467909574508667,0.021927189081907272
316,0.43901297450065613,0.0335831344127655,0.011632486246526241,0.5103219747543335,0.04780822619795799,0.022292133420705795
317,0.4385727047920227,0.03355957567691803,0.011630965396761894,0.4950319826602936,0.04738767445087433,0.022636080160737038
318,0.4381731152534485,0.033590108156204224,0.011681430973112583,0.5124912858009338,0.04801883548498154,0.022394269704818726
319,0.4391010105609894,0.033533476293087006,0.011578462086617947,0.4862610697746277,0.046621426939964294,0.022308368235826492
320,0.4378679692745209,0.033493150025606155,0.011599711142480373,0.5203707218170166,0.04764235392212868,0.021623816341161728
321,0.43647676706314087,0.03341660276055336,0.011592783965170383,0.5089641809463501,0.04871727526187897,0.023269064724445343
322,0.43854621052742004,0.03357131779193878,0.011643997393548489,0.5042373538017273,0.04827868193387985,0.023066816851496696
323,0.4397951364517212,0.033621590584516525,0.011631826870143414,0.5040546655654907,0.047803960740566254,0.022601228207349777
324,0.43859586119651794,0.03349069878458977,0.011560958810150623,0.5191249847412109,0.048120301216840744,0.02216404490172863
325,0.43744564056396484,0.033442702144384384,0.01157038751989603,0.49124470353126526,0.0477537177503109,0.023191478103399277
326,0.4389905035495758,0.0334908589720726,0.011541317217051983,0.4867042005062103,0.0467294380068779,0.022394223138689995
327,0.4389055073261261,0.03350590169429779,0.01156063936650753,0.5401792526245117,0.04967450350522995,0.02266555279493332
328,0.43707141280174255,0.033451128751039505,0.011597542092204094,0.5075220465660095,0.047559622675180435,0.02218351885676384
329,0.4393303394317627,0.033515989780426025,0.011549435555934906,0.516520619392395,0.048356182873249054,0.02253016270697117
330,0.43701180815696716,0.03337020426988602,0.011519623920321465,0.5088236331939697,0.04853450506925583,0.023093312978744507
331,0.43533530831336975,0.03333465754985809,0.011567879468202591,0.49296537041664124,0.04666895791888237,0.02202068269252777
332,0.4381709694862366,0.03348812833428383,0.01157960295677185,0.5238909125328064,0.04971911758184433,0.023524576798081398
333,0.4371222257614136,0.033393677324056625,0.01153757143765688,0.513144850730896,0.048027485609054565,0.022370241582393646
334,0.437421977519989,0.03334604948759079,0.011474943719804287,0.5112630128860474,0.04728095978498459,0.02171781100332737
335,0.43711209297180176,0.03340280055999756,0.011547173373401165,0.4919825494289398,0.04663761705160141,0.02203848958015442
336,0.43602439761161804,0.03329290449619293,0.011491667479276657,0.5225692987442017,0.04754011332988739,0.021411648020148277
337,0.43697813153266907,0.03330620750784874,0.011457293294370174,0.47923359274864197,0.04536605253815651,0.021404370665550232
338,0.4351887106895447,0.03322097286581993,0.01146150566637516,0.5067567229270935,0.04742779955267906,0.022089973092079163
339,0.4339699447154999,0.03319134935736656,0.011492879129946232,0.5121802091598511,0.04752812534570694,0.021919112652540207
340,0.43822187185287476,0.03343353420495987,0.011522449553012848,0.5233705043792725,0.04829223453998566,0.02212371677160263
341,0.4367403984069824,0.03333922475576401,0.011502216570079327,0.49233898520469666,0.046674199402332306,0.022057246416807175
342,0.4350225031375885,0.033239927142858505,0.011488787829875946,0.5107712745666504,0.048056863248348236,0.022518301382660866
343,0.43680626153945923,0.03327102214097977,0.011430776678025723,0.5217009782791138,0.04742956906557083,0.021344508975744247
344,0.43728145956993103,0.03333862125873566,0.01147456094622612,0.5354026556015015,0.049369242042303085,0.022599102929234505
345,0.4342896044254303,0.033213626593351364,0.011499142274260521,0.49601712822914124,0.04689842462539673,0.022097568958997726
346,0.43510687351226807,0.033223994076251984,0.011468661017715931,0.48831242322921753,0.04644372686743736,0.022028105333447456
347,0.4356320798397064,0.033252276480197906,0.011470644734799862,0.4984709322452545,0.04643653705716133,0.021512985229492188
348,0.43619033694267273,0.0332803837954998,0.011470885016024113,0.5071206092834473,0.04876764118671417,0.02341160550713539
349,0.43510815501213074,0.03322242945432663,0.011467031203210354,0.48913082480430603,0.046825751662254333,0.022369205951690674
350,0.43659698963165283,0.033251382410526276,0.011421510018408298,0.50933837890625,0.047378141433000565,0.021911216899752617
351,0.43383553624153137,0.03307916224002838,0.011387382633984089,0.496540367603302,0.04716553911566734,0.022338515147566795
352,0.4353543817996979,0.03316862881183624,0.011400878429412842,0.49576735496520996,0.046442579478025436,0.02165420912206173
353,0.43550172448158264,0.033137738704681396,0.011362651363015175,0.5025937557220459,0.04744821786880493,0.022318530827760696
354,0.43313759565353394,0.03310450538992882,0.011447633616626263,0.5144037008285522,0.048305924981832504,0.022585738450288773
355,0.4355818033218384,0.03317280486226082,0.011393695138394833,0.5169676542282104,0.04793776199221611,0.022089382633566856
356,0.4360150396823883,0.03325262293219566,0.01145190466195345,0.49840062856674194,0.04649050906300545,0.02157047763466835
357,0.4351770281791687,0.03313102573156357,0.011372191831469536,0.4832921028137207,0.04597574844956398,0.021811136975884438
358,0.4332103133201599,0.03305552899837494,0.011394983157515526,0.49556756019592285,0.046518366783857346,0.02173999696969986
359,0.43576914072036743,0.033173903822898865,0.011385462246835232,0.502592921257019,0.04663510248064995,0.021505460143089294
360,0.436764121055603,0.03319387137889862,0.011355648748576641,0.5121723413467407,0.04712565988302231,0.021517034620046616
361,0.4354727566242218,0.03314005583524704,0.011366444639861584,0.5066194534301758,0.047113582491874695,0.021782612428069115
362,0.43383079767227173,0.033042605966329575,0.0113511448726058,0.48680925369262695,0.04653839394450188,0.022197939455509186
363,0.43569543957710266,0.03311049938201904,0.011325687170028687,0.4932594895362854,0.04632827639579773,0.021665295585989952
364,0.4346484839916229,0.03310992941260338,0.01137750968337059,0.5173684358596802,0.04748428612947464,0.021615859121084213
365,0.434371680021286,0.03307449072599411,0.011355864815413952,0.507400631904602,0.047401413321495056,0.0220313910394907
366,0.4348384439945221,0.03308046609163284,0.011338571086525917,0.49842801690101624,0.04670856520533562,0.021787164732813835
367,0.43274325132369995,0.03297271952033043,0.011335499584674835,0.4949885308742523,0.0463130958378315,0.021563667804002762
368,0.4338320791721344,0.032990530133247375,0.01129892747849226,0.5076467394828796,0.04733296483755112,0.021950628608465195
369,0.43090981245040894,0.03284294903278351,0.011297487653791904,0.5048443675041199,0.04750414937734604,0.02226191945374012
370,0.4366341531276703,0.03313472121953964,0.011303059756755829,0.5053914785385132,0.04701220616698265,0.02174263633787632
371,0.43498924374580383,0.033063143491744995,0.011313660070300102,0.5067113637924194,0.04815936088562012,0.022823793813586235
372,0.4319431185722351,0.03290319815278053,0.01130609679967165,0.5276936888694763,0.04898367449641228,0.022598985582590103
373,0.4332660138607025,0.03298858553171158,0.011325247585773468,0.49288779497146606,0.04741642251610756,0.022772032767534256
374,0.4318256974220276,0.03287484124302864,0.01128359418362379,0.5208171010017395,0.04966891184449196,0.023628057911992073
375,0.4333343505859375,0.03299922123551369,0.011332481168210506,0.5159814357757568,0.047987811267375946,0.022188736125826836
376,0.4346678853034973,0.033077631145715714,0.011344298720359802,0.5115867853164673,0.04742366448044777,0.021844331175088882
377,0.43512067198753357,0.0329941064119339,0.01123814843595028,0.5127949118614197,0.047701239585876465,0.022061485797166824
378,0.4326466917991638,0.03291245549917221,0.011280106380581856,0.504111111164093,0.047538962215185165,0.022333407774567604
379,0.43382880091667175,0.032966602593660355,0.011275121010839939,0.5149635672569275,0.04770404472947121,0.021955862641334534
380,0.4332885444164276,0.03290078788995743,0.011236311867833138,0.5073291659355164,0.04754406958818436,0.02217761240899563
381,0.43456292152404785,0.03299539536237717,0.011267184279859066,0.5265191793441772,0.04956599697470665,0.023240039125084877
382,0.43049493432044983,0.03279528766870499,0.011270486749708652,0.5305174589157104,0.04897976294159889,0.02245388552546501
383,0.42979446053504944,0.032806314527988434,0.011316554620862007,0.4989808201789856,0.04653944820165634,0.02159041166305542
384,0.43240654468536377,0.03284420073032379,0.01122378371655941,0.5062204599380493,0.048305444419384,0.022994423285126686
385,0.4298725724220276,0.032713890075683594,0.011220314539968967,0.5261741876602173,0.05026436969637871,0.02395566552877426
386,0.43385446071624756,0.032922837883234024,0.011230162344872952,0.5128408074378967,0.04824017733335495,0.022598139941692352
387,0.4329240918159485,0.03286701813340187,0.011220796965062618,0.5037988424301147,0.047700606286525726,0.02251065894961357
388,0.4328841269016266,0.03285224735736847,0.011208072304725647,0.516179084777832,0.047826580703258514,0.02201763167977333
389,0.43191778659820557,0.03284652903676033,0.011250647716224194,0.5035892724990845,0.04668891802430153,0.021509455516934395
390,0.43484875559806824,0.03305264562368393,0.01131019089370966,0.49589720368385315,0.046906232833862305,0.022111374884843826
391,0.4309837818145752,0.032762423157691956,0.011213280260562897,0.5090766549110413,0.04698290303349495,0.021529071033000946
392,0.4315887689590454,0.03280273452401161,0.01122324075549841,0.5108290910720825,0.04798629507422447,0.022444842383265495
393,0.43120142817497253,0.032776523381471634,0.011216533370316029,0.5265790224075317,0.04844833165407181,0.02211938612163067
394,0.4317770004272461,0.03279465064406395,0.011205917224287987,0.5021648406982422,0.0480462908744812,0.02293805591762066
395,0.4307374954223633,0.03276932239532471,0.011232473887503147,0.49705344438552856,0.04669144004583359,0.02183876559138298
396,0.43149834871292114,0.032827574759721756,0.011252682656049728,0.5282425880432129,0.04933413118124008,0.022922009229660034
397,0.42941051721572876,0.032585419714450836,0.011114882305264473,0.5092417597770691,0.047770269215106964,0.022308187559247017
398,0.4319351613521576,0.032732412219047546,0.011135675944387913,0.5217069387435913,0.04849911853671074,0.022413771599531174
399,0.432280033826828,0.03282022848725319,0.011206227354705334,0.49510782957077026,0.04626331850886345,0.02150791883468628
400,0.43315285444259644,0.032749079167842865,0.011091398075222969,0.5092993378639221,0.047966450452804565,0.022501487284898758
401,0.43245792388916016,0.032801076769828796,0.011178156360983849,0.5046495199203491,0.046558476984500885,0.02132599428296089
402,0.43344995379447937,0.03282603621482849,0.01115354336798191,0.5076829195022583,0.04828544333577156,0.022901302203536034
403,0.43052470684051514,0.03266991674900055,0.011143654584884644,0.49060478806495667,0.04657825082540512,0.02204800397157669
404,0.4295000433921814,0.03263324499130249,0.011158260516822338,0.5157058835029602,0.047010693699121475,0.021225398406386375
405,0.4310922622680664,0.032686032354831696,0.01113140769302845,0.5107892155647278,0.047675617039203644,0.022136161103844643
406,0.43119508028030396,0.032711777836084366,0.01115205604583025,0.4869554042816162,0.04714313894510269,0.022795381024479866
407,0.42707058787345886,0.032478321343660355,0.011124853976070881,0.5087947845458984,0.04890650510787964,0.02346675470471382
408,0.43156710267066956,0.03271960839629173,0.0111412163823843,0.4935735762119293,0.04658052325248718,0.021901847794651985
409,0.43109753727912903,0.03269553929567337,0.011140702292323112,0.49953198432922363,0.04719045013189316,0.022213857620954514
410,0.42751461267471313,0.032511740922927856,0.011136000975966454,0.5293400883674622,0.04831032082438469,0.0218433178961277
411,0.4293883144855499,0.03257770836353302,0.011108326725661755,0.5219031572341919,0.048625461757183075,0.02253030613064766
412,0.42986857891082764,0.03262121230363846,0.011127741076052189,0.4957592487335205,0.04671815410256386,0.02193019911646843
413,0.42950543761253357,0.032583944499492645,0.011108675971627235,0.4923303723335266,0.04663793370127678,0.022021416574716568
414,0.43170514702796936,0.03264688327908516,0.011061586439609528,0.5111180543899536,0.04824654012918472,0.02269064635038376
415,0.4307688772678375,0.03261954337358475,0.011081083677709103,0.5013408064842224,0.047258272767066956,0.022191237658262253
416,0.42933496832847595,0.03255343437194824,0.01108666229993105,0.4947929382324219,0.04630594328045845,0.021566297858953476
417,0.4307190775871277,0.03266220539808273,0.011126280762255192,0.4910210072994232,0.04690620303153992,0.022355154156684875
418,0.42907971143722534,0.0325317420065403,0.011077781207859516,0.5019609332084656,0.046772561967372894,0.021674521267414093
419,0.42748722434043884,0.032409150153398514,0.011034844443202019,0.5095018148422241,0.047831468284130096,0.022356370463967323
420,0.4288075566291809,0.03253326192498207,0.011092917993664742,0.509579062461853,0.04804440587759018,0.022565443068742752
421,0.43045246601104736,0.03266485035419464,0.011142273433506489,0.49456334114074707,0.047403860837221146,0.022675683721899986
422,0.43180131912231445,0.032648999243974686,0.011058906093239784,0.5029632449150085,0.04659891501069069,0.02145075798034668
423,0.42994925379753113,0.0325886495411396,0.01109116617590189,0.5158621668815613,0.04856574535369873,0.022772641852498055
424,0.42875394225120544,0.03244379162788391,0.01100606843829155,0.5054779052734375,0.04680518060922623,0.02153128758072853
425,0.429585725069046,0.03259803354740143,0.011118752881884575,0.48609423637390137,0.04663146287202835,0.022326748818159103
426,0.4290878474712372,0.03254310414195061,0.011088734492659569,0.5101068019866943,0.047555048018693924,0.022049710154533386
427,0.42809632420539856,0.032428909093141556,0.011024096980690956,0.5150418281555176,0.04718098044395447,0.021428881213068962
428,0.42883962392807007,0.032520830631256104,0.01107883919030428,0.5171559453010559,0.04822864383459091,0.022370848804712296
429,0.42851778864860535,0.03247677534818649,0.011050897650420666,0.5074888467788696,0.04877983778715134,0.023405397310853004
430,0.4285547733306885,0.03247819468379021,0.011050441302359104,0.49340373277664185,0.04769548401236534,0.023025300353765488
431,0.4273224174976349,0.03234323859214783,0.010977107100188732,0.48657622933387756,0.04657568782567978,0.02224687673151493
432,0.42695674300193787,0.03236756473779678,0.011019768193364143,0.49482378363609314,0.047719381749629974,0.022978192195296288
433,0.4301503300666809,0.032505352050065994,0.010997849516570568,0.4958271086215973,0.04775878041982651,0.022967420518398285
434,0.42551174759864807,0.032329656183719635,0.011054057627916336,0.5072221159934998,0.04774584248661995,0.022384729236364365
435,0.4295726418495178,0.032537829130887985,0.011059252545237541,0.49751099944114685,0.046938348561525345,0.02206280454993248
436,0.4262215495109558,0.03238735720515251,0.01107626873999834,0.49595046043395996,0.04702777415513992,0.022230248898267746
437,0.4272937476634979,0.03239090368151665,0.011026185005903244,0.5063327550888062,0.04704806208610535,0.021731415763497353
438,0.4299170672893524,0.03247934952378273,0.010983504354953766,0.5001783967018127,0.04704651981592178,0.022037599235773087
439,0.4275062680244446,0.03240463510155678,0.011029315181076527,0.5178333520889282,0.04818657785654068,0.022294918075203896
440,0.428955614566803,0.032464396208524704,0.011016660369932652,0.5103312134742737,0.04775624722242355,0.022239694371819496
441,0.4278479516506195,0.03236125409603119,0.010968814603984356,0.4965386390686035,0.047345537692308426,0.02251860871911049
442,0.4285126030445099,0.03238898888230324,0.01096340361982584,0.48568087816238403,0.04627720266580582,0.021993156522512436
443,0.42680785059928894,0.032390911132097244,0.0110505111515522,0.4986332952976227,0.04688703268766403,0.021955367177724838
444,0.43035414814949036,0.03240972384810448,0.010892014019191265,0.5048238039016724,0.04735821112990379,0.02211702987551689
445,0.4292484521865845,0.03243285417556763,0.01097047608345747,0.5071170926094055,0.047717224806547165,0.02236137166619301
446,0.42947620153427124,0.032454151660203934,0.010980317369103432,0.5229704976081848,0.04857887327671051,0.02243035100400448
447,0.42680108547210693,0.032318055629730225,0.010977930389344692,0.4959862232208252,0.04807288199663162,0.02327357605099678
448,0.427813857793808,0.0323919840157032,0.011001316830515862,0.4991324543952942,0.048519544303417206,0.023562923073768616
449,0.4268418550491333,0.0322989821434021,0.010956927202641964,0.5035459995269775,0.04750636965036392,0.022329062223434448
450,0.4266882836818695,0.032352469861507416,0.011018115095794201,0.49755892157554626,0.04794638603925705,0.023068437352776527
451,0.42722734808921814,0.03235086798667908,0.010989486239850521,0.48707422614097595,0.04665904492139816,0.022305339574813843
452,0.4276752471923828,0.032316986471414566,0.010933236218988895,0.5038131475448608,0.04875829070806503,0.02356763556599617
453,0.42705968022346497,0.032302290201187134,0.0109492726624012,0.508858323097229,0.04781905561685562,0.02237614430487156
454,0.4281868040561676,0.0324079729616642,0.010998614132404327,0.51766037940979,0.047776252031326294,0.02189323678612709
455,0.42765218019485474,0.0323905423283577,0.011007937602698803,0.5013696551322937,0.046763963997364044,0.021695474162697792
456,0.42786693572998047,0.03230748325586319,0.01091410219669342,0.5224233865737915,0.048305582255125046,0.02218441478908062
457,0.4274081885814667,0.032296646386384964,0.010926224291324615,0.48974305391311646,0.046965353190898895,0.02247820422053337
458,0.42683035135269165,0.032309357076883316,0.010967874899506569,0.510161817073822,0.047678038477897644,0.022169949486851692
459,0.4264402687549591,0.03226586803793907,0.010943868197500706,0.4967350363731384,0.04688287526369095,0.022046124562621117
460,0.4297974407672882,0.032396283000707626,0.010906350798904896,0.4684845805168152,0.04507546126842499,0.02165123261511326
461,0.4260639250278473,0.03223123028874397,0.010928068310022354,0.5134904980659485,0.04763440787792206,0.02195988968014717
462,0.4265535771846771,0.03221793845295906,0.010890228673815727,0.5137382745742798,0.04724926874041557,0.021562358364462852
463,0.42580193281173706,0.03221067786216736,0.010920548811554909,0.508804976940155,0.04735187813639641,0.021911626681685448
464,0.42523521184921265,0.03225508704781532,0.010993284173309803,0.5078388452529907,0.046918656677007675,0.021526720374822617
465,0.4253324270248413,0.03220347315073013,0.010936800390481949,0.5055685043334961,0.04802367091178894,0.022745244204998016
466,0.4257946014404297,0.03227534517645836,0.010985608212649822,0.5021966099739075,0.048778604716062546,0.023668775334954262
467,0.4228683114051819,0.03202658146619797,0.010883145965635777,0.49943941831588745,0.04725094884634018,0.02227897197008133
468,0.42704400420188904,0.032233189791440964,0.010881052352488041,0.49794983863830566,0.04746786132454872,0.022570360451936722
469,0.4265148341655731,0.032210372388362885,0.010884618386626244,0.5046719312667847,0.04679664224386215,0.021563056856393814
470,0.426166296005249,0.03231329098343849,0.011004988104104996,0.5096379518508911,0.0472845733165741,0.021802671253681183
471,0.42460474371910095,0.032093752175569534,0.010863457806408405,0.5161586999893188,0.04858491197228432,0.022776978090405464
472,0.42727527022361755,0.03228297084569931,0.010919202119112015,0.49807509779930115,0.04745383933186531,0.022550083696842194
473,0.42622342705726624,0.03216482326388359,0.010853704065084457,0.5323880314826965,0.051071859896183014,0.024452460929751396
474,0.4247455298900604,0.03211468085646629,0.010877400636672974,0.5177398324012756,0.04842308908700943,0.02253609523177147
475,0.4255286157131195,0.03216388821601868,0.010887371376156807,0.5242055654525757,0.04936455935239792,0.02315428853034973
476,0.426403671503067,0.03219904005527496,0.010878819040954113,0.4849805235862732,0.04584566503763199,0.02159663662314415
477,0.4276123046875,0.03222013637423515,0.010839448310434818,0.4884434640407562,0.046625833958387375,0.022203659638762474
478,0.4267032742500305,0.03220967948436737,0.010874519124627113,0.5055751204490662,0.047415826469659805,0.02213706634938717
479,0.4283478558063507,0.0322493314743042,0.010831917636096478,0.4906216561794281,0.04693717509508133,0.02240608260035515
480,0.4255722761154175,0.03218533471226692,0.010906657204031944,0.49604448676109314,0.047447554767131805,0.022645320743322372
481,0.4257015883922577,0.03212286904454231,0.010837778449058533,0.5042827725410461,0.04844527319073677,0.023231135681271553
482,0.42541268467903137,0.03212633728981018,0.01085568405687809,0.5107507705688477,0.04830334335565567,0.022765809670090675
483,0.42483121156692505,0.03207935765385628,0.01083778403699398,0.511466383934021,0.048636309802532196,0.023062996566295624
484,0.42592862248420715,0.0321551188826561,0.010858667083084583,0.4877367615699768,0.04724166914820671,0.02285483106970787
485,0.42775872349739075,0.03222476691007614,0.010836838744580746,0.5049299001693726,0.04750756546854973,0.02226107008755207
486,0.42636197805404663,0.032111234962940216,0.010793128982186317,0.5071371793746948,0.04836847633123398,0.02301161363720894
487,0.4242873787879944,0.032046135514974594,0.010831769555807114,0.4876069128513336,0.047000233083963394,0.022619888186454773
488,0.42682939767837524,0.03220031410455704,0.010858766734600067,0.5000766515731812,0.04756651818752289,0.02256268635392189
489,0.42531338334083557,0.032184503972530365,0.010918847285211086,0.5205907225608826,0.04876720905303955,0.0227376576513052
490,0.4265790581703186,0.032176434993743896,0.010847450233995914,0.5020684003829956,0.04804954305291176,0.022946123033761978
491,0.4254714846611023,0.03203907608985901,0.010765546932816505,0.49224191904067993,0.04710952565073967,0.022497419267892838
492,0.4255007207393646,0.0321931354701519,0.010918143205344677,0.4907999038696289,0.047303371131420135,0.022763371467590332
493,0.425172358751297,0.03210176154971123,0.010843129828572273,0.5106069445610046,0.04822871834039688,0.02269836887717247
494,0.42528289556503296,0.032053396105766296,0.010789246298372746,0.48938584327697754,0.04729241877794266,0.022823113948106766
495,0.4239867627620697,0.03199758753180504,0.01079823262989521,0.5056706666946411,0.04646172374486923,0.021178200840950012
496,0.4245589077472687,0.03202732279896736,0.01079934649169445,0.5040687322616577,0.0482926145195961,0.023089174181222916
497,0.4241766333580017,0.0319281630218029,0.010719365440309048,0.5026649832725525,0.048722490668296814,0.023589245975017548
498,0.42322367429733276,0.03191781044006348,0.01075669564306736,0.48836880922317505,0.04666585102677345,0.02224740944802761
499,0.4251614212989807,0.03206806629896164,0.010810046456754208,0.5137943029403687,0.04857701435685158,0.022887306287884712
